u7602, -0.519894
u7601, -0.454603
u7594, -0.327933
u5533, -0.286737
u7599, -0.272328
u7584, -0.227815
u7531, -0.191481
u7586, -0.170494
u3079, -0.148926
u7536, -0.134975
u2369, -0.127728
u7334, -0.127706
u7519, -0.126654
u7530, -0.126619
u7529, -0.126251
u7544, -0.116901
u2408, -0.091274
u7509, -0.090916
u2380, -0.089638
u886, -0.085223
u3180, -0.084994
u1792, -0.082807
u1436, -0.081900
u1642, -0.081071
u7440, -0.080809
u2787, -0.079438
u961, -0.079272
u783, -0.079192
u1778, -0.078522
u7568, -0.077278
u1137, -0.077274
u7604, -0.076669
u1715, -0.075877
u1045, -0.075647
u2192, -0.075609
u1284, -0.075331
u1628, -0.075212
u1489, -0.074611
u1139, -0.074250
u3270, -0.073705
u1116, -0.073636
u7540, -0.073603
u7579, -0.073042
u2391, -0.072837
u672, -0.072275
u1784, -0.071927
u1305, -0.071446
u1742, -0.071292
u2043, -0.071135
u1775, -0.071030
u3019, -0.071010
u2145, -0.070942
u2634, -0.070780
u1114, -0.070603
u1258, -0.070355
u1488, -0.070311
u1290, -0.069889
u1378, -0.069580
u2748, -0.069541
u1731, -0.069506
u2376, -0.069180
u2857, -0.068216
u1875, -0.068104
u1841, -0.068086
u1574, -0.068072
u1900, -0.068063
u1840, -0.067987
u2267, -0.067985
u1828, -0.067945
u1946, -0.067891
u1906, -0.067848
u1755, -0.067762
u2853, -0.067760
u1039, -0.067674
u1119, -0.067340
u838, -0.067103
u2229, -0.066975
u1647, -0.066885
u1274, -0.066881
u1260, -0.066632
u2106, -0.066629
u1140, -0.065873
u1415, -0.065756
u1812, -0.065703
u2278, -0.065634
u1156, -0.065556
u1743, -0.065421
u7535, -0.064936
u1030, -0.064703
u1597, -0.064561
u2491, -0.064373
u2384, -0.063928
u846, -0.063582
u1803, -0.063432
u1672, -0.063416
u2175, -0.063333
u2091, -0.063327
u546, -0.063317
u7563, -0.063304
u7445, -0.063248
u2143, -0.063232
u1998, -0.063188
u1317, -0.063156
u1765, -0.063120
u2147, -0.063093
u1835, -0.063055
u2481, -0.062981
u2315, -0.062918
u1922, -0.062918
u544, -0.062792
u7524, -0.062636
u1774, -0.062498
u1757, -0.062410
u2118, -0.062310
u2309, -0.061758
u791, -0.061624
u1099, -0.061323
u2415, -0.061254
u1339, -0.061136
u1670, -0.060942
u842, -0.060800
u2417, -0.060699
u1452, -0.060470
u711, -0.060349
u1816, -0.060220
u1820, -0.060174
u2324, -0.060171
u3166, -0.060144
u2128, -0.060139
u2372, -0.060139
u2399, -0.060139
u2103, -0.060118
u1861, -0.060093
u7573, -0.060088
u3102, -0.060076
u2406, -0.060068
u2135, -0.060067
u2097, -0.060066
u3112, -0.060065
u2129, -0.060063
u2102, -0.060061
u2932, -0.060055
u2381, -0.060047
u2301, -0.060047
u3156, -0.060032
u2388, -0.060032
u2362, -0.060022
u2418, -0.060021
u1770, -0.060020
u2126, -0.060018
u2443, -0.060017
u7555, -0.060008
u3331, -0.060004
u7432, -0.060000
u2086, -0.059997
u2148, -0.059991
u2213, -0.059989
u2064, -0.059971
u2631, -0.059963
u2364, -0.059961
u1749, -0.059961
u2272, -0.059948
u1951, -0.059941
u2206, -0.059937
u2892, -0.059934
u3145, -0.059932
u2209, -0.059912
u1917, -0.059862
u2142, -0.059839
u2093, -0.059829
u2305, -0.059828
u1973, -0.059827
u2223, -0.059807
u1928, -0.059776
u1932, -0.059771
u1975, -0.059760
u2005, -0.059698
u2168, -0.059698
u1417, -0.059538
u1180, -0.059240
u7565, -0.059062
u1855, -0.059057
u853, -0.058339
u1101, -0.058131
u2972, -0.057847
u2925, -0.057538
u1441, -0.057431
u1847, -0.057158
u841, -0.056862
u2112, -0.056808
u1552, -0.056251
u2219, -0.056106
u1323, -0.055797
u1853, -0.055648
u1118, -0.055582
u1957, -0.055464
u1271, -0.055414
u900, -0.055391
u2861, -0.055304
u1685, -0.055192
u1859, -0.055003
u1562, -0.054934
u2205, -0.054858
u2104, -0.054848
u1813, -0.054809
u1342, -0.054776
u1947, -0.054720
u1569, -0.054710
u1805, -0.054633
u2124, -0.054626
u2250, -0.054523
u2802, -0.054519
u1863, -0.054511
u2727, -0.054472
u1601, -0.054471
u2270, -0.054461
u1842, -0.054458
u3316, -0.054214
u3001, -0.054205
u2472, -0.054205
u1938, -0.054079
u1550, -0.054074
u695, -0.053748
u7575, -0.053715
u935, -0.053679
u744, -0.053669
u1822, -0.053629
u1594, -0.053615
u2169, -0.053269
u1837, -0.053159
u3138, -0.052955
u2552, -0.052889
u1645, -0.052862
u1444, -0.052571
u1062, -0.052525
u941, -0.052479
u2789, -0.052388
u7422, -0.052387
u2284, -0.052381
u1227, -0.052349
u2828, -0.052347
u2222, -0.052316
u2607, -0.052303
u1616, -0.052239
u2132, -0.052212
u2440, -0.052212
u3362, -0.052209
u2412, -0.051973
u1333, -0.051928
u2188, -0.051706
u2297, -0.051566
u2008, -0.051213
u987, -0.050996
u1077, -0.050849
u1150, -0.050371
u904, -0.050344
u2844, -0.050271
u802, -0.050061
u2263, -0.049948
u2071, -0.049928
u1732, -0.049872
u2038, -0.049664
u2317, -0.049596
u1255, -0.049551
u1061, -0.049253
u1733, -0.049179
u7526, -0.049075
u2122, -0.049017
u1877, -0.048995
u7521, -0.048994
u2066, -0.048948
u1548, -0.048893
u1752, -0.048809
u1491, -0.048790
u1659, -0.048776
u2302, -0.048748
u2846, -0.048736
u3099, -0.048727
u1399, -0.048711
u847, -0.048711
u2618, -0.048695
u2664, -0.048665
u1167, -0.048634
u3999, -0.048615
u2809, -0.048578
u1288, -0.048574
u1541, -0.048380
u1051, -0.048282
u2041, -0.047898
u2101, -0.047778
u1209, -0.047709
u7538, -0.047553
u1581, -0.047428
u2816, -0.047424
u528, -0.047287
u2108, -0.046751
u2894, -0.046748
u3319, -0.046746
u5140, -0.046665
u1482, -0.046612
u2019, -0.046473
u1893, -0.046381
u2365, -0.046326
u6123, -0.046294
u2208, -0.046269
u3273, -0.046267
u3155, -0.046266
u2895, -0.046209
u3053, -0.046205
u3092, -0.046188
u2459, -0.046159
u3333, -0.046158
u2515, -0.046157
u1080, -0.046156
u2911, -0.046137
u2891, -0.046087
u3108, -0.046087
u3392, -0.045804
u3039, -0.045598
u2320, -0.045444
u7576, -0.045315
u2001, -0.044932
u698, -0.044929
u1582, -0.044927
u1640, -0.044878
u1619, -0.044495
u7515, -0.044441
u1579, -0.044437
u2242, -0.044426
u538, -0.044333
u483, -0.044095
u7126, -0.044042
u981, -0.043983
u3175, -0.043884
u2574, -0.043870
u2693, -0.043827
u2870, -0.043819
u2733, -0.043799
u2983, -0.043788
u3293, -0.043787
u3061, -0.043784
u2871, -0.043781
u1300, -0.043781
u2962, -0.043779
u3056, -0.043769
u2514, -0.043766
u3034, -0.043763
u2663, -0.043762
u3264, -0.043759
u3050, -0.043759
u2935, -0.043759
u3031, -0.043758
u2156, -0.043757
u3123, -0.043748
u3072, -0.043744
u3080, -0.043743
u2993, -0.043740
u3100, -0.043740
u2855, -0.043738
u3076, -0.043738
u2180, -0.043737
u2717, -0.043736
u2565, -0.043735
u2850, -0.043735
u3074, -0.043734
u7063, -0.043731
u3234, -0.043731
u2650, -0.043730
u2893, -0.043727
u3282, -0.043727
u2279, -0.043726
u3294, -0.043726
u3046, -0.043726
u3289, -0.043725
u2606, -0.043725
u2886, -0.043724
u3149, -0.043723
u6786, -0.043723
u3167, -0.043723
u7548, -0.043722
u2848, -0.043722
u3344, -0.043722
u2917, -0.043721
u3066, -0.043721
u3345, -0.043720
u2453, -0.043720
u2829, -0.043719
u2834, -0.043719
u3045, -0.043718
u2847, -0.043718
u3354, -0.043717
u3036, -0.043717
u2710, -0.043717
u3016, -0.043716
u3281, -0.043715
u3064, -0.043715
u2338, -0.043715
u3122, -0.043714
u2758, -0.043714
u3191, -0.043714
u1941, -0.043714
u3257, -0.043714
u2849, -0.043713
u2183, -0.043712
u2825, -0.043712
u2915, -0.043712
u2820, -0.043711
u2638, -0.043711
u2944, -0.043710
u3306, -0.043708
u2950, -0.043708
u2451, -0.043708
u3022, -0.043707
u2508, -0.043705
u6644, -0.043704
u2826, -0.043704
u2902, -0.043704
u3203, -0.043704
u2954, -0.043702
u3109, -0.043701
u3318, -0.043701
u3038, -0.043701
u2801, -0.043701
u3020, -0.043698
u3121, -0.043698
u2770, -0.043697
u3244, -0.043697
u3127, -0.043696
u2741, -0.043696
u3161, -0.043696
u3054, -0.043696
u2838, -0.043695
u2805, -0.043694
u3360, -0.043693
u3130, -0.043693
u2970, -0.043693
u1527, -0.043693
u2880, -0.043693
u2780, -0.043693
u2731, -0.043693
u2482, -0.043692
u2198, -0.043691
u2916, -0.043690
u2181, -0.043690
u3366, -0.043690
u2980, -0.043690
u3082, -0.043689
u2734, -0.043687
u1311, -0.043687
u3051, -0.043686
u3037, -0.043685
u3280, -0.043685
u7456, -0.043685
u3111, -0.043684
u2958, -0.043684
u3185, -0.043683
u3231, -0.043683
u3241, -0.043683
u3137, -0.043682
u3226, -0.043682
u3040, -0.043682
u2988, -0.043681
u3073, -0.043681
u2961, -0.043681
u2187, -0.043680
u2990, -0.043680
u2596, -0.043679
u2959, -0.043679
u2708, -0.043679
u3330, -0.043679
u2585, -0.043679
u2736, -0.043678
u2773, -0.043678
u2140, -0.043678
u2314, -0.043678
u3169, -0.043678
u3144, -0.043678
u2759, -0.043677
u3196, -0.043677
u3309, -0.043676
u2531, -0.043676
u2682, -0.043676
u2889, -0.043675
u2842, -0.043675
u2521, -0.043675
u2659, -0.043675
u3386, -0.043675
u3023, -0.043674
u3181, -0.043673
u1753, -0.043673
u3387, -0.043672
u2967, -0.043672
u3343, -0.043671
u2545, -0.043671
u2955, -0.043670
u2939, -0.043670
u3223, -0.043669
u2266, -0.043669
u2594, -0.043668
u2549, -0.043667
u3164, -0.043666
u2499, -0.043666
u1015, -0.043666
u3029, -0.043665
u3063, -0.043664
u3413, -0.043664
u2595, -0.043663
u2530, -0.043662
u2992, -0.043662
u2806, -0.043662
u2798, -0.043661
u2960, -0.043661
u2742, -0.043658
u2840, -0.043658
u2976, -0.043658
u3262, -0.043658
u2553, -0.043657
u2656, -0.043657
u2151, -0.043657
u3132, -0.043657
u2738, -0.043657
u2559, -0.043657
u2344, -0.043656
u2720, -0.043656
u2680, -0.043655
u3033, -0.043654
u2564, -0.043653
u3332, -0.043653
u2375, -0.043652
u3125, -0.043652
u2687, -0.043652
u2556, -0.043652
u2951, -0.043652
u3176, -0.043652
u3025, -0.043652
u2930, -0.043652
u2558, -0.043651
u3261, -0.043651
u2525, -0.043649
u2800, -0.043649
u6667, -0.043649
u2306, -0.043648
u2952, -0.043648
u3235, -0.043648
u2804, -0.043648
u2884, -0.043647
u3193, -0.043647
u2195, -0.043646
u2672, -0.043646
u2824, -0.043646
u2628, -0.043645
u2584, -0.043645
u3087, -0.043645
u2185, -0.043644
u3312, -0.043644
u2823, -0.043644
u2907, -0.043643
u2864, -0.043643
u3232, -0.043643
u3147, -0.043643
u2706, -0.043642
u2642, -0.043642
u2867, -0.043640
u2524, -0.043640
u2162, -0.043639
u2732, -0.043639
u1810, -0.043638
u2576, -0.043638
u3236, -0.043638
u1890, -0.043638
u3230, -0.043637
u3142, -0.043637
u3098, -0.043636
u2943, -0.043636
u2872, -0.043635
u3047, -0.043635
u2572, -0.043635
u2566, -0.043634
u3042, -0.043634
u2778, -0.043634
u3210, -0.043634
u2456, -0.043633
u2522, -0.043633
u7550, -0.043632
u3346, -0.043632
u3416, -0.043632
u2756, -0.043631
u3233, -0.043630
u999, -0.043630
u3194, -0.043629
u7578, -0.043629
u6434, -0.043629
u3246, -0.043627
u3032, -0.043627
u3251, -0.043624
u3104, -0.043623
u3027, -0.043623
u2985, -0.043623
u2714, -0.043621
u2799, -0.043621
u2887, -0.043620
u1485, -0.043620
u3336, -0.043620
u3381, -0.043619
u2965, -0.043618
u2822, -0.043618
u2051, -0.043617
u2784, -0.043616
u2814, -0.043613
u2544, -0.043613
u3404, -0.043612
u2833, -0.043611
u2739, -0.043611
u6317, -0.043610
u3218, -0.043609
u2749, -0.043609
u3347, -0.043608
u2684, -0.043608
u3089, -0.043608
u3205, -0.043606
u2450, -0.043606
u2667, -0.043605
u2159, -0.043605
u2520, -0.043604
u2854, -0.043604
u2033, -0.043604
u2936, -0.043603
u2817, -0.043601
u2984, -0.043601
u2216, -0.043601
u2815, -0.043601
u1483, -0.043601
u2683, -0.043600
u3139, -0.043598
u2702, -0.043598
u3106, -0.043598
u1759, -0.043597
u2446, -0.043597
u2469, -0.043596
u2604, -0.043592
u3009, -0.043592
u2934, -0.043591
u4888, -0.043587
u2637, -0.043586
u2678, -0.043585
u2883, -0.043574
u2289, -0.043561
u2523, -0.043547
u1997, -0.043547
u2620, -0.043547
u1219, -0.043547
u2503, -0.043547
u3057, -0.043547
u3126, -0.043547
u2511, -0.043547
u3118, -0.043547
u2879, -0.043547
u2468, -0.043547
u2454, -0.043547
u2670, -0.043547
u2467, -0.043547
u2442, -0.043547
u2447, -0.043547
u2448, -0.043547
u3068, -0.043547
u2476, -0.043547
u2355, -0.043547
u2471, -0.043547
u2497, -0.043547
u2464, -0.043547
u2465, -0.043547
u2486, -0.043547
u2485, -0.043547
u2488, -0.043547
u1610, -0.043547
u2746, -0.043547
u2502, -0.043547
u2119, -0.043547
u2909, -0.043547
u2698, -0.043547
u2166, -0.043547
u2589, -0.043547
u2582, -0.043547
u2562, -0.043547
u3171, -0.043547
u3173, -0.043547
u1225, -0.043547
u2598, -0.043547
u3085, -0.043547
u2688, -0.043547
u2841, -0.043547
u1239, -0.043519
u1894, -0.043514
u2387, -0.043293
u2484, -0.043230
u1538, -0.043221
u2534, -0.043087
u2463, -0.042979
u1940, -0.042793
u1767, -0.042725
u1617, -0.042629
u3324, -0.042618
u2029, -0.042473
u2669, -0.042406
u1808, -0.042348
u2601, -0.042339
u2852, -0.042337
u881, -0.042308
u4934, -0.042203
u1088, -0.042049
u848, -0.042019
u3115, -0.042003
u818, -0.041971
u2260, -0.041893
u2076, -0.041885
u2139, -0.041860
u2337, -0.041832
u2002, -0.041755
u2003, -0.041755
u7457, -0.041752
u1197, -0.041741
u2144, -0.041662
u2061, -0.041658
u2662, -0.041630
u7419, -0.041576
u2439, -0.041561
u1860, -0.041477
u1343, -0.041111
u1507, -0.041089
u2191, -0.041053
u1091, -0.040945
u1107, -0.040945
u3012, -0.040790
u1267, -0.040759
u1923, -0.040608
u2998, -0.040588
u2547, -0.040433
u2386, -0.040304
u3348, -0.040302
u1729, -0.040229
u2092, -0.040048
u2616, -0.039992
u2096, -0.039976
u2256, -0.039816
u2890, -0.039697
u3359, -0.039649
u2949, -0.039618
u2929, -0.039597
u2931, -0.039495
u2160, -0.039489
u2723, -0.039486
u3190, -0.039474
u1496, -0.039465
u2163, -0.039462
u3334, -0.039448
u3105, -0.039436
u1728, -0.039432
u3094, -0.039432
u2933, -0.039424
u2186, -0.039424
u1787, -0.039408
u1369, -0.039407
u2922, -0.039402
u3364, -0.039401
u2963, -0.039392
u3355, -0.039389
u3117, -0.039383
u2969, -0.039382
u2291, -0.039381
u1602, -0.039373
u2190, -0.039372
u2200, -0.039364
u2283, -0.039364
u3300, -0.039358
u3250, -0.039354
u2981, -0.039353
u7161, -0.039351
u3415, -0.039341
u2044, -0.039339
u2610, -0.039338
u2851, -0.039338
u1991, -0.039338
u2114, -0.039336
u1958, -0.039334
u2507, -0.039327
u2017, -0.039327
u2924, -0.039326
u1948, -0.039323
u3159, -0.039322
u3220, -0.039316
u2808, -0.039316
u2113, -0.039314
u2921, -0.039313
u3279, -0.039312
u2803, -0.039308
u3070, -0.039307
u1995, -0.039306
u2878, -0.039305
u3116, -0.039299
u3221, -0.039293
u3158, -0.039287
u2353, -0.039285
u2321, -0.039275
u1972, -0.039262
u3222, -0.039258
u3114, -0.039250
u2056, -0.039225
u1996, -0.039215
u1983, -0.039215
u1429, -0.039215
u2845, -0.039215
u1925, -0.039215
u1911, -0.039215
u2754, -0.039215
u2906, -0.039215
u2914, -0.039215
u3406, -0.039215
u2603, -0.039215
u2058, -0.039208
u2938, -0.039203
u2012, -0.039156
u2042, -0.039153
u2055, -0.039149
u2059, -0.039148
u2057, -0.039118
u1644, -0.039059
u1779, -0.039054
u2956, -0.038931
u1580, -0.038866
u1362, -0.038859
u2609, -0.038837
u1536, -0.038779
u7447, -0.038725
u1000, -0.038718
u1937, -0.038684
u2501, -0.038662
u1944, -0.038646
u7533, -0.038541
u3340, -0.038507
u3320, -0.038345
u1058, -0.038227
u1168, -0.038190
u3201, -0.038091
u1454, -0.038033
u2661, -0.038007
u723, -0.037954
u1510, -0.037938
u7426, -0.037769
u799, -0.037757
u2116, -0.037638
u1688, -0.037628
u1561, -0.037579
u2277, -0.037539
u2067, -0.037511
u3018, -0.037485
u1279, -0.037451
u2407, -0.037292
u991, -0.037263
u1880, -0.037211
u2500, -0.037171
u862, -0.037141
u2593, -0.037106
u2109, -0.037073
u7476, -0.036918
u2480, -0.036879
u2077, -0.036789
u2461, -0.036699
u1214, -0.036685
u2079, -0.036574
u1292, -0.036479
u2599, -0.036426
u659, -0.036396
u2345, -0.036274
u2548, -0.036267
u2546, -0.036257
u1048, -0.036203
u2099, -0.036106
u3301, -0.036029
u1980, -0.035913
u1373, -0.035879
u1872, -0.035590
u917, -0.035446
u2385, -0.035417
u2539, -0.035353
u2234, -0.035293
u2426, -0.035279
u2517, -0.035277
u3146, -0.035237
u1735, -0.035220
u2910, -0.035199
u845, -0.035182
u2255, -0.035170
u2560, -0.035130
u2348, -0.035100
u2228, -0.035096
u2777, -0.035092
u6736, -0.035086
u3075, -0.035076
u7421, -0.035047
u1782, -0.035033
u2966, -0.035022
u1310, -0.035015
u1800, -0.035006
u2125, -0.035005
u1817, -0.034996
u3245, -0.034994
u3198, -0.034987
u7423, -0.034986
u3200, -0.034985
u2022, -0.034981
u1818, -0.034976
u3383, -0.034974
u3260, -0.034959
u1706, -0.034883
u2028, -0.034883
u471, -0.034883
u2170, -0.034883
u2403, -0.034745
u7466, -0.034745
u7341, -0.034677
u965, -0.034604
u1425, -0.034513
u7483, -0.034395
u2705, -0.034349
u2994, -0.034328
u2681, -0.034281
u1089, -0.034260
u7411, -0.034259
u3410, -0.034218
u607, -0.034202
u755, -0.034200
u1603, -0.034172
u2227, -0.034134
u2645, -0.034062
u2590, -0.034009
u2130, -0.033989
u2640, -0.033925
u2831, -0.033895
u1133, -0.033887
u2000, -0.033886
u2973, -0.033783
u1121, -0.033770
u2285, -0.033697
u7479, -0.033656
u2538, -0.033608
u2755, -0.033537
u2328, -0.033530
u3391, -0.033524
u1570, -0.033504
u1438, -0.033455
u3326, -0.033435
u742, -0.033327
u2265, -0.033287
u959, -0.033264
u3516, -0.033228
u1216, -0.033197
u882, -0.033190
u2643, -0.033169
u2658, -0.033127
u2901, -0.033095
u1912, -0.033083
u951, -0.033072
u877, -0.033046
u3151, -0.032989
u1908, -0.032868
u2410, -0.032785
u1473, -0.032774
u2591, -0.032722
u2505, -0.032701
u3007, -0.032526
u1398, -0.032501
u2316, -0.032476
u2343, -0.032462
u986, -0.032394
u2753, -0.032348
u1762, -0.032338
u3160, -0.032278
u1351, -0.032248
u1437, -0.032098
u2087, -0.032078
u2622, -0.032065
u898, -0.032009
u1336, -0.031895
u1852, -0.031690
u1936, -0.031687
u2452, -0.031603
u732, -0.031599
u1962, -0.031557
u3110, -0.031467
u1713, -0.031424
u5679, -0.031415
u2703, -0.031391
u1636, -0.031341
u2062, -0.031301
u2050, -0.031258
u2612, -0.031258
u3358, -0.031138
u3288, -0.031119
u1393, -0.031068
u1501, -0.030977
u3267, -0.030868
u1660, -0.030860
u2715, -0.030814
u708, -0.030808
u1350, -0.030796
u2721, -0.030769
u2404, -0.030740
u7336, -0.030699
u2882, -0.030685
u6257, -0.030679
u1413, -0.030643
u1426, -0.030551
u1687, -0.030522
u1953, -0.030507
u2495, -0.030462
u602, -0.030457
u2629, -0.030374
u1032, -0.030281
u7547, -0.030232
u861, -0.030113
u1131, -0.030087
u2648, -0.029995
u2583, -0.029981
u2641, -0.029888
u2776, -0.029881
u2765, -0.029762
u2877, -0.029712
u896, -0.029580
u1035, -0.029480
u1475, -0.029395
u3204, -0.029377
u2350, -0.029361
u1540, -0.029351
u3268, -0.029320
u2063, -0.029310
u7449, -0.029307
u3238, -0.029287
u2533, -0.029243
u1981, -0.029235
u2821, -0.029204
u1529, -0.029199
u2592, -0.029012
u670, -0.028909
u2567, -0.028826
u3237, -0.028796
u2030, -0.028792
u2554, -0.028773
u1263, -0.028758
u7389, -0.028739
u1862, -0.028618
u2704, -0.028442
u3480, -0.028374
u2836, -0.028374
u2478, -0.028303
u1846, -0.028270
u1764, -0.028183
u2245, -0.028129
u978, -0.028022
u973, -0.028001
u980, -0.027973
u2026, -0.027972
u2912, -0.027963
u1127, -0.027926
u1049, -0.027851
u3088, -0.027850
u1761, -0.027788
u2948, -0.027773
u650, -0.027726
u1543, -0.027695
u2123, -0.027648
u2899, -0.027601
u942, -0.027525
u869, -0.027523
u1165, -0.027515
u3055, -0.027365
u1233, -0.027303
u2339, -0.027273
u1096, -0.027240
u2728, -0.027114
u998, -0.027059
u969, -0.026975
u1826, -0.026973
u1681, -0.026932
u1085, -0.026885
u3323, -0.026858
u731, -0.026766
u2494, -0.026756
u849, -0.026535
u2866, -0.026522
u1312, -0.026482
u1851, -0.026467
u3119, -0.026450
u1801, -0.026443
u1266, -0.026437
u2275, -0.026431
u1334, -0.026428
u3081, -0.026409
u1371, -0.026408
u1330, -0.026378
u3451, -0.026371
u1480, -0.026365
u2389, -0.026350
u1245, -0.026346
u1783, -0.026335
u2396, -0.026331
u3341, -0.026320
u2211, -0.026320
u2346, -0.026319
u2611, -0.026318
u1316, -0.026311
u5660, -0.026226
u2462, -0.026219
u2249, -0.026219
u1849, -0.026219
u1626, -0.026180
u1557, -0.026150
u1534, -0.026139
u6166, -0.025981
u2542, -0.025928
u2577, -0.025865
u2081, -0.025782
u2474, -0.025757
u2460, -0.025751
u2027, -0.025631
u2711, -0.025600
u1689, -0.025580
u1285, -0.025531
u1293, -0.025502
u7333, -0.025479
u1042, -0.025256
u3243, -0.025227
u3249, -0.025203
u3153, -0.025189
u7581, -0.025175
u3252, -0.025171
u1692, -0.025099
u2516, -0.025052
u2248, -0.025028
u710, -0.024957
u2982, -0.024775
u1699, -0.024760
u1618, -0.024740
u3067, -0.024727
u2971, -0.024684
u789, -0.024627
u2117, -0.024598
u1716, -0.024573
u3311, -0.024558
u879, -0.024526
u2569, -0.024488
u3157, -0.024409
u1163, -0.024359
u1218, -0.024330
u1111, -0.024230
u2084, -0.024219
u588, -0.024065
u697, -0.024016
u3291, -0.024010
u1210, -0.024000
u1086, -0.023913
u726, -0.023863
u2646, -0.023862
u1881, -0.023793
u2470, -0.023759
u1006, -0.023753
u1700, -0.023677
u7518, -0.023665
u3405, -0.023518
u1420, -0.023493
u858, -0.023459
u1297, -0.023302
u2457, -0.023215
u2458, -0.023215
u1212, -0.023185
u1528, -0.023177
u796, -0.023002
u370, -0.022790
u2004, -0.022760
u3008, -0.022670
u2351, -0.022663
u1262, -0.022638
u7516, -0.022581
u2427, -0.022533
u2689, -0.022489
u1652, -0.022282
u591, -0.022273
u1999, -0.022259
u1240, -0.022235
u839, -0.022229
u2489, -0.022220
u1897, -0.022186
u1201, -0.022111
u944, -0.022032
u1027, -0.022021
u2161, -0.021976
u2020, -0.021954
u1230, -0.021943
u1901, -0.021887
u1265, -0.021815
u2540, -0.021739
u2588, -0.021710
u763, -0.021704
u2691, -0.021688
u1663, -0.021629
u2039, -0.021563
u1238, -0.021513
u1823, -0.021430
u1002, -0.021415
u2189, -0.021347
u2513, -0.021294
u1954, -0.021199
u3207, -0.021142
u3225, -0.021072
u6878, -0.021050
u2832, -0.020993
u1785, -0.020935
u2349, -0.020899
u684, -0.020891
u2587, -0.020888
u7230, -0.020875
u2860, -0.020808
u1419, -0.020762
u2888, -0.020722
u2121, -0.020708
u997, -0.020708
u2671, -0.020703
u976, -0.020687
u2716, -0.020659
u1327, -0.020610
u1781, -0.020583
u874, -0.020519
u1160, -0.020509
u2251, -0.020503
u2712, -0.020427
u7554, -0.020418
u2477, -0.020356
u1677, -0.020348
u1169, -0.020322
u3265, -0.020225
u2724, -0.020212
u1977, -0.020196
u851, -0.020183
u2065, -0.020098
u1221, -0.020045
u7504, -0.019958
u7546, -0.019797
u2115, -0.019717
u3266, -0.019705
u2543, -0.019691
u3178, -0.019582
u1346, -0.019569
u3278, -0.019568
u2215, -0.019555
u2528, -0.019535
u891, -0.019491
u897, -0.019478
u2100, -0.019432
u1025, -0.019316
u2555, -0.019277
u1605, -0.019247
u2172, -0.019147
u7340, -0.019109
u833, -0.018988
u2149, -0.018954
u1455, -0.018850
u1453, -0.018789
u596, -0.018623
u1365, -0.018611
u1220, -0.018474
u1302, -0.018371
u2627, -0.018355
u1870, -0.018350
u3140, -0.018324
u3242, -0.018323
u3030, -0.018248
u2054, -0.018221
u3214, -0.018188
u3209, -0.018126
u2913, -0.018009
u2073, -0.017787
u2131, -0.017609
u2532, -0.017554
u1306, -0.017554
u2675, -0.017521
u1404, -0.017468
u1246, -0.017440
u1132, -0.017280
u1650, -0.017271
u2319, -0.017250
u6157, -0.017205
u1955, -0.017177
u2737, -0.017174
u2504, -0.017125
u1584, -0.017073
u2885, -0.017055
u3287, -0.017035
u832, -0.016923
u2154, -0.016869
u1466, -0.016821
u1162, -0.016789
u1709, -0.016758
u3263, -0.016746
u993, -0.016737
u2158, -0.016707
u2692, -0.016475
u1563, -0.016467
u2730, -0.016330
u2600, -0.016308
u736, -0.016224
u2666, -0.016214
u3021, -0.016208
u7502, -0.016149
u7503, -0.016054
u1873, -0.016049
u1007, -0.016024
u7403, -0.015996
u3197, -0.015930
u7580, -0.015927
u1083, -0.015891
u2580, -0.015855
u3186, -0.015853
u2371, -0.015686
u975, -0.015588
u3120, -0.015586
u3199, -0.015519
u3369, -0.015511
u3165, -0.015307
u7435, -0.015245
u2259, -0.015158
u1844, -0.015155
u1708, -0.015087
u2644, -0.015050
u7523, -0.014848
u3213, -0.014820
u1766, -0.014774
u1022, -0.014697
u371, -0.014621
u1043, -0.014602
u3325, -0.014579
u2536, -0.014541
u2652, -0.014535
u2430, -0.014385
u728, -0.014318
u1100, -0.014254
u819, -0.014014
u1191, -0.013886
u2171, -0.013857
u872, -0.013761
u931, -0.013752
u722, -0.013680
u3248, -0.013611
u1291, -0.013590
u1758, -0.013588
u574, -0.013520
u1098, -0.013488
u2995, -0.013480
u696, -0.013469
u627, -0.013442
u800, -0.013434
u899, -0.013398
u3107, -0.013367
u2379, -0.013362
u1553, -0.013304
u222, -0.013223
u660, -0.013184
u1848, -0.013155
u3361, -0.013038
u2085, -0.013025
u1502, -0.013012
u502, -0.012945
u1148, -0.012928
u1353, -0.012911
u3058, -0.012638
u1402, -0.012579
u1309, -0.012504
u7551, -0.012481
u1907, -0.012448
u1857, -0.012371
u829, -0.012365
u860, -0.012340
u506, -0.012320
u557, -0.012315
u2398, -0.012240
u2649, -0.012232
u2318, -0.012174
u2182, -0.012164
u558, -0.012094
u7558, -0.012010
u2900, -0.011972
u2735, -0.011961
u1276, -0.011955
u2098, -0.011942
u1254, -0.011561
u2769, -0.011455
u7163, -0.011428
u1520, -0.011391
u1734, -0.011365
u2359, -0.011364
u1786, -0.011238
u894, -0.011014
u895, -0.010976
u825, -0.010944
u967, -0.010863
u1264, -0.010854
u1299, -0.010828
u6792, -0.010726
u929, -0.010660
u640, -0.010650
u758, -0.010615
u3002, -0.010610
u564, -0.010601
u1794, -0.010568
u2268, -0.010552
u2434, -0.010439
u1929, -0.010322
u7443, -0.010148
u2049, -0.010137
u3239, -0.010112
u2479, -0.010086
u1187, -0.010052
u2613, -0.010016
u1152, -0.009987
u2152, -0.009854
u3271, -0.009795
u1094, -0.009771
u2414, -0.009766
u1559, -0.009755
u3179, -0.009745
u968, -0.009669
u920, -0.009609
u831, -0.009599
u1909, -0.009555
u1033, -0.009538
u1318, -0.009482
u1690, -0.009454
u2127, -0.009285
u1554, -0.009241
u6336, -0.008987
u3015, -0.008984
u2196, -0.008964
u7501, -0.008933
u3314, -0.008854
u1814, -0.008832
u2105, -0.008809
u2225, -0.008779
u1143, -0.008778
u1073, -0.008749
u1495, -0.008718
u3043, -0.008712
u2197, -0.008596
u1498, -0.008539
u2276, -0.008519
u2373, -0.008336
u1357, -0.008335
u2493, -0.008288
u2304, -0.008269
u2352, -0.008259
u1793, -0.008243
u2908, -0.008242
u2153, -0.008218
u2927, -0.008177
u746, -0.008168
u2053, -0.008152
u1322, -0.008119
u466, -0.007901
u2722, -0.007901
u1184, -0.007894
u2768, -0.007870
u922, -0.007746
u658, -0.007739
u7508, -0.007421
u7525, -0.007406
u7500, -0.007367
u7429, -0.007343
u985, -0.007251
u1654, -0.007153
u2811, -0.007136
u2046, -0.007097
u1307, -0.007031
u1830, -0.007016
u2011, -0.006989
u127, -0.006949
u378, -0.006884
u1588, -0.006831
u2535, -0.006643
u1331, -0.006602
u960, -0.006538
u7583, -0.006404
u7363, -0.006338
u1675, -0.006331
u7452, -0.006130
u1064, -0.005980
u1639, -0.005962
u2996, -0.005892
u1154, -0.005820
u7400, -0.005773
u2865, -0.005593
u3388, -0.005526
u3168, -0.005503
u1910, -0.005413
u2300, -0.005412
u3298, -0.005300
u1301, -0.005231
u3403, -0.005225
u1655, -0.005199
u772, -0.005184
u2923, -0.005121
u782, -0.005050
u1449, -0.005007
u1439, -0.004995
u7461, -0.004956
u3010, -0.004864
u2165, -0.004780
u7522, -0.004761
u1171, -0.004750
u2438, -0.004742
u784, -0.004739
u827, -0.004723
u7532, -0.004709
u1572, -0.004706
u3093, -0.004697
u7188, -0.004696
u3060, -0.004686
u923, -0.004678
u1990, -0.004677
u2526, -0.004674
u3026, -0.004667
u788, -0.004660
u2626, -0.004640
u2685, -0.004635
u6958, -0.004633
u7481, -0.004621
u2541, -0.004612
u692, -0.004610
u2509, -0.004558
u2070, -0.004558
u3017, -0.004558
u2006, -0.004558
u2807, -0.004558
u2905, -0.004558
u5029, -0.004527
u1914, -0.004443
u1919, -0.004430
u3077, -0.004384
u461, -0.004293
u2519, -0.004211
u1564, -0.004203
u2760, -0.004155
u2581, -0.004154
u3187, -0.004123
u1046, -0.004120
u2383, -0.004058
u1192, -0.003969
u1532, -0.003960
u1876, -0.003876
u1372, -0.003860
u1895, -0.003847
u2856, -0.003844
u2258, -0.003795
u1730, -0.003727
u1493, -0.003717
u1969, -0.003629
u1546, -0.003580
u1867, -0.003571
u1392, -0.003567
u2347, -0.003474
u2310, -0.003466
u675, -0.003446
u1920, -0.003424
u1738, -0.003411
u3003, -0.003401
u2968, -0.003382
u2991, -0.003379
u1359, -0.003369
u2303, -0.003343
u2875, -0.003322
u2928, -0.003321
u2694, -0.003301
u2677, -0.003232
u579, -0.003199
u2246, -0.003198
u3253, -0.003183
u2483, -0.003169
u3229, -0.003166
u1003, -0.003166
u2570, -0.003138
u1631, -0.003105
u1467, -0.003079
u2557, -0.003043
u2690, -0.003013
u733, -0.003012
u3150, -0.003000
u1839, -0.002995
u3141, -0.002980
u1081, -0.002976
u3292, -0.002967
u2785, -0.002966
u3396, -0.002961
u2575, -0.002929
u7600, -0.002903
u7499, -0.002891
u1320, -0.002872
u2957, -0.002848
u1797, -0.002766
u988, -0.002722
u1834, -0.002689
u1523, -0.002679
u1832, -0.002633
u394, -0.002611
u2157, -0.002565
u953, -0.002504
u1226, -0.002469
u1942, -0.002370
u3275, -0.002218
u916, -0.002173
u2239, -0.002149
u2292, -0.002127
u1289, -0.002055
u1463, -0.001992
u1512, -0.001960
u3389, -0.001944
u813, -0.001915
u1964, -0.001886
u1819, -0.001833
u1809, -0.001759
u2329, -0.001579
u945, -0.001353
u1428, -0.001267
u1054, -0.001201
u1295, -0.001176
u780, -0.000990
u1622, -0.000695
u1128, -0.000657
u706, -0.000372
u2323, -0.000210
u2052, -0.000093
u3321, -0.000012
u2331, 0.000019
u3172, 0.000065
u2207, 0.000176
u2354, 0.000194
u1678, 0.000268
u1442, 0.000287
u2243, 0.000382
u1649, 0.000397
u452, 0.000433
u2016, 0.000449
u1542, 0.000507
u7569, 0.000582
u883, 0.000620
u3384, 0.000733
u1451, 0.000767
u1344, 0.000849
u2326, 0.001009
u2025, 0.001039
u2492, 0.001046
u1376, 0.001096
u1078, 0.001139
u2392, 0.001149
u1593, 0.001149
u1968, 0.001174
u1702, 0.001190
u173, 0.001196
u1396, 0.001204
u2226, 0.001267
u2089, 0.001324
u1386, 0.001348
u2974, 0.001363
u1772, 0.001389
u2217, 0.001390
u1985, 0.001414
u1719, 0.001440
u2184, 0.001465
u7585, 0.001534
u5415, 0.001537
u1381, 0.001652
u2014, 0.001657
u2007, 0.001691
u699, 0.001722
u1178, 0.001882
u2863, 0.001910
u1179, 0.001936
u2271, 0.002052
u242, 0.002165
u2792, 0.002257
u910, 0.002262
u2253, 0.002326
u1573, 0.002449
u2333, 0.002497
u1771, 0.002636
u626, 0.002650
u984, 0.002723
u1566, 0.002770
u989, 0.002907
u1720, 0.002950
u1335, 0.003045
u384, 0.003054
u3254, 0.003118
u3337, 0.003122
u1864, 0.003143
u3277, 0.003144
u1056, 0.003200
u7597, 0.003222
u1063, 0.003232
u1854, 0.003381
u1011, 0.003383
u2358, 0.003494
u467, 0.003568
u679, 0.003577
u1664, 0.004040
u1926, 0.004072
u2287, 0.004076
u1952, 0.004224
u1539, 0.004315
u1136, 0.004429
u1657, 0.004452
u1739, 0.004469
u1754, 0.004502
u1363, 0.004559
u1535, 0.004674
u785, 0.004735
u3394, 0.004767
u623, 0.005075
u1153, 0.005153
u4721, 0.005216
u3447, 0.005226
u1804, 0.005243
u610, 0.005510
u930, 0.005558
u7388, 0.005688
u2282, 0.005700
u3154, 0.005714
u1768, 0.005721
u921, 0.005729
u1578, 0.005736
u1845, 0.005771
u1422, 0.005815
u1084, 0.005876
u7506, 0.005881
u2729, 0.005999
u683, 0.006010
u3338, 0.006101
u914, 0.006252
u1989, 0.006280
u691, 0.006310
u1885, 0.006315
u1916, 0.006371
u1927, 0.006487
u2405, 0.006505
u617, 0.006547
u2400, 0.006561
u2032, 0.006596
u2264, 0.006689
u1065, 0.006795
u308, 0.006805
u2340, 0.006852
u411, 0.006861
u1374, 0.006949
u1147, 0.006961
u1280, 0.007191
u1370, 0.007210
u2174, 0.007223
u1620, 0.007293
u1935, 0.007297
u949, 0.007324
u768, 0.007346
u1504, 0.007478
u2401, 0.007520
u2334, 0.007651
u2325, 0.007720
u3315, 0.007745
u3134, 0.007756
u7398, 0.007792
u1976, 0.007807
u888, 0.007830
u1624, 0.007858
u1358, 0.007896
u1632, 0.007962
u1887, 0.008006
u1780, 0.008030
u926, 0.008073
u1697, 0.008095
u3096, 0.008209
u2862, 0.008295
u1503, 0.008304
u3258, 0.008331
u7438, 0.008375
u1145, 0.008392
u725, 0.008449
u1613, 0.008485
u1924, 0.008762
u1268, 0.008813
u2173, 0.008884
u1547, 0.009041
u1478, 0.009090
u1324, 0.009240
u1698, 0.009271
u2341, 0.009299
u1034, 0.009344
u1108, 0.009349
u1001, 0.009472
u689, 0.009487
u1494, 0.009534
u939, 0.009624
u615, 0.009727
u7328, 0.009779
u752, 0.009846
u2795, 0.009879
u5837, 0.009918
u1106, 0.009920
u2655, 0.009984
u240, 0.010007
u2069, 0.010120
u1560, 0.010127
u290, 0.010154
u1434, 0.010187
u1354, 0.010264
u1882, 0.010396
u1656, 0.010564
u2466, 0.010633
u1366, 0.010646
u5392, 0.010665
u2322, 0.010743
u455, 0.010770
u3304, 0.011051
u1252, 0.011126
u7455, 0.011142
u3307, 0.011218
u7468, 0.011255
u943, 0.011413
u713, 0.011459
u7427, 0.011473
u1229, 0.011539
u489, 0.011693
u458, 0.011712
u3005, 0.011808
u718, 0.011840
u2790, 0.011906
u2512, 0.011951
u2330, 0.011976
u2725, 0.011981
u703, 0.012052
u2295, 0.012091
u7590, 0.012248
u1029, 0.012340
u1776, 0.012453
u1710, 0.012461
u2176, 0.012764
u1815, 0.012772
u1790, 0.012810
u1571, 0.012826
u1773, 0.012841
u1476, 0.012871
u2202, 0.012880
u1087, 0.012901
u3356, 0.013047
u2199, 0.013123
u2280, 0.013162
u317, 0.013194
u3353, 0.013207
u668, 0.013216
u1836, 0.013233
u1172, 0.013258
u2394, 0.013264
u1567, 0.013269
u420, 0.013329
u1459, 0.013359
u3352, 0.013394
u1629, 0.013536
u704, 0.013570
u3446, 0.013583
u7428, 0.013637
u337, 0.013650
u2510, 0.013685
u438, 0.013700
u2262, 0.013743
u1060, 0.013759
u709, 0.013809
u505, 0.013839
u807, 0.013963
u7415, 0.013985
u2602, 0.014055
u1207, 0.014199
u2037, 0.014304
u1055, 0.014513
u1479, 0.014722
u1237, 0.014738
u1149, 0.014749
u1517, 0.014806
u1506, 0.014842
u2498, 0.014942
u1282, 0.014968
u7430, 0.014985
u1843, 0.015071
u3375, 0.015073
u480, 0.015115
u2719, 0.015128
u593, 0.015194
u779, 0.015293
u766, 0.015462
u2281, 0.015491
u1076, 0.015495
u2031, 0.015531
u3212, 0.015580
u963, 0.015603
u2874, 0.015627
u1360, 0.015660
u2238, 0.015782
u830, 0.015841
u2987, 0.015848
u2726, 0.015975
u2630, 0.015999
u1236, 0.016047
u1400, 0.016050
u857, 0.016123
u3380, 0.016239
u995, 0.016293
u3090, 0.016302
u1627, 0.016326
u2137, 0.016449
u1821, 0.016510
u776, 0.016565
u1974, 0.016603
u1967, 0.016614
u2374, 0.016640
u1614, 0.016715
u1465, 0.016734
u7372, 0.016791
u3211, 0.016838
u955, 0.016879
u3414, 0.017011
u2257, 0.017022
u1750, 0.017061
u2518, 0.017087
u1008, 0.017147
u3011, 0.017151
u2390, 0.017166
u1788, 0.017209
u2623, 0.017262
u1684, 0.017307
u1079, 0.017427
u908, 0.017442
u2639, 0.017475
u909, 0.017485
u386, 0.017696
u1633, 0.017802
u401, 0.017804
u2402, 0.017871
u1888, 0.017911
u1057, 0.017926
u2261, 0.017939
u7434, 0.017971
u2138, 0.017979
u1522, 0.018000
u1505, 0.018024
u1577, 0.018060
u932, 0.018228
u1950, 0.018276
u2080, 0.018405
u6290, 0.018442
u2107, 0.018443
u2094, 0.018466
u1401, 0.018467
u2701, 0.018469
u3297, 0.018491
u1865, 0.018495
u3378, 0.018505
u7273, 0.018510
u1193, 0.018513
u2155, 0.018536
u2040, 0.018638
u7377, 0.018665
u436, 0.018698
u2178, 0.018783
u2311, 0.018791
u7528, 0.018831
u1683, 0.018838
u892, 0.018968
u1583, 0.018987
u1492, 0.018994
u1714, 0.019038
u1789, 0.019067
u2150, 0.019089
u1994, 0.019089
u3420, 0.019236
u7566, 0.019256
u3409, 0.019313
u2654, 0.019317
u1667, 0.019327
u1825, 0.019356
u1177, 0.019404
u2796, 0.019421
u2490, 0.019427
u3028, 0.019436
u2762, 0.019460
u2194, 0.019466
u1389, 0.019489
u3143, 0.019634
u3014, 0.019663
u2977, 0.019665
u2625, 0.019758
u2473, 0.019758
u3422, 0.019758
u2377, 0.019844
u1166, 0.019852
u1023, 0.019865
u634, 0.019867
u2308, 0.019971
u497, 0.019980
u7512, 0.019991
u481, 0.020058
u3372, 0.020105
u2363, 0.020190
u7433, 0.020218
u2668, 0.020236
u2676, 0.020278
u2252, 0.020281
u1430, 0.020289
u2561, 0.020350
u1971, 0.020420
u2779, 0.020473
u1913, 0.020473
u1590, 0.020478
u992, 0.020504
u1010, 0.020577
u769, 0.020582
u7593, 0.020603
u790, 0.020628
u606, 0.020636
u1827, 0.020934
u2781, 0.020969
u2869, 0.021015
u408, 0.021030
u567, 0.021045
u1833, 0.021060
u3189, 0.021075
u1387, 0.021096
u3285, 0.021116
u1918, 0.021135
u2210, 0.021144
u834, 0.021176
u1283, 0.021182
u1470, 0.021309
u1668, 0.021320
u1736, 0.021341
u1278, 0.021387
u1966, 0.021399
u2083, 0.021575
u3290, 0.021580
u1208, 0.021598
u1409, 0.021657
u635, 0.021705
u3182, 0.021767
u1427, 0.021769
u2568, 0.021925
u2986, 0.021946
u2201, 0.021976
u1005, 0.022029
u1769, 0.022090
u90, 0.022326
u572, 0.022338
u865, 0.022352
u760, 0.022378
u2290, 0.022409
u2342, 0.022422
u1686, 0.022548
u1666, 0.022613
u1777, 0.022631
u1269, 0.022637
u737, 0.022674
u2942, 0.022758
u7510, 0.022783
u1036, 0.022801
u3419, 0.023065
u396, 0.023095
u1988, 0.023107
u1031, 0.023153
u7571, 0.023302
u1992, 0.023319
u1337, 0.023413
u2818, 0.023446
u3408, 0.023475
u7596, 0.023483
u568, 0.023514
u2978, 0.023640
u2237, 0.023653
u2240, 0.023666
u1576, 0.023706
u1090, 0.023776
u2537, 0.023808
u2876, 0.023861
u2120, 0.023891
u2761, 0.023917
u1195, 0.024036
u2586, 0.024090
u810, 0.024249
u2034, 0.024358
u7418, 0.024370
u2241, 0.024396
u652, 0.024408
u1068, 0.024480
u962, 0.024618
u983, 0.024635
u2937, 0.024734
u3328, 0.024779
u2254, 0.024789
u1375, 0.024795
u7369, 0.024846
u2010, 0.024865
u2366, 0.024926
u2361, 0.024974
u804, 0.024986
u745, 0.025014
u1662, 0.025067
u527, 0.025078
u2395, 0.025092
u2274, 0.025129
u1481, 0.025183
u1551, 0.025199
u2236, 0.025215
u1939, 0.025311
u7577, 0.025324
u3170, 0.025376
u1717, 0.025448
u2621, 0.025511
u3368, 0.025575
u453, 0.025585
u1760, 0.025635
u2527, 0.025730
u1424, 0.025776
u1146, 0.025883
u777, 0.025988
u2269, 0.026014
u1982, 0.026019
u175, 0.026053
u1600, 0.026064
u1621, 0.026163
u563, 0.026230
u1093, 0.026308
u1124, 0.026325
u592, 0.026330
u1130, 0.026359
u936, 0.026485
u1244, 0.026513
u2136, 0.026766
u1525, 0.026793
u2897, 0.026860
u2397, 0.026932
u2617, 0.027026
u1722, 0.027076
u1405, 0.027108
u2819, 0.027115
u562, 0.027173
u1802, 0.027247
u1623, 0.027339
u3274, 0.027368
u7431, 0.027380
u3131, 0.027483
u1866, 0.027499
u1727, 0.027510
u561, 0.027659
u880, 0.027678
u2332, 0.027698
u1721, 0.027720
u549, 0.027724
u7087, 0.027813
u1665, 0.027816
u3350, 0.027821
u1272, 0.027832
u1287, 0.027861
u1059, 0.027886
u702, 0.027907
u2409, 0.027982
u1796, 0.027990
u1443, 0.028032
u1676, 0.028042
u738, 0.028052
u7424, 0.028069
u1544, 0.028083
u1884, 0.028088
u345, 0.028221
u3329, 0.028364
u1611, 0.028372
u735, 0.028664
u1069, 0.028789
u1379, 0.028921
u1724, 0.029028
u1117, 0.029032
u765, 0.029050
u2757, 0.029066
u1185, 0.029161
u1737, 0.029173
u1490, 0.029202
u299, 0.029240
u537, 0.029285
u1460, 0.029349
u500, 0.029357
u1606, 0.029408
u3286, 0.029426
u793, 0.029464
u1234, 0.029467
u840, 0.029474
u2940, 0.029495
u948, 0.029591
u1791, 0.029617
u512, 0.029652
u7513, 0.029693
u2009, 0.029704
u6131, 0.029730
u1695, 0.029772
u485, 0.029829
u589, 0.029896
u823, 0.029916
u1304, 0.029921
u1037, 0.029953
u1461, 0.030009
u666, 0.030089
u1248, 0.030141
u1356, 0.030222
u624, 0.030343
u1325, 0.030404
u521, 0.030461
u1970, 0.030535
u1963, 0.030550
u1892, 0.030777
u685, 0.030857
u1575, 0.030910
u424, 0.030955
u292, 0.031041
u1329, 0.031047
u1445, 0.031136
u1044, 0.031161
u2378, 0.031166
u7442, 0.031277
u2718, 0.031402
u625, 0.031442
u2235, 0.031487
u450, 0.031498
u1585, 0.031519
u7387, 0.031524
u1198, 0.031594
u2436, 0.031595
u7371, 0.031637
u1364, 0.031666
u2487, 0.031713
u1949, 0.031742
u671, 0.031814
u1135, 0.031919
u2578, 0.031933
u2146, 0.031935
u590, 0.032128
u1190, 0.032138
u581, 0.032150
u296, 0.032212
u1202, 0.032280
u1487, 0.032321
u1144, 0.032369
u1340, 0.032465
u1651, 0.032608
u1521, 0.032699
u2060, 0.032702
u1157, 0.032780
u2164, 0.032835
u974, 0.032838
u3305, 0.032855
u1524, 0.032871
u1959, 0.032910
u1173, 0.032932
u3097, 0.032944
u1416, 0.032950
u1183, 0.032952
u1423, 0.033261
u1105, 0.033271
u1586, 0.033293
u320, 0.033357
u1589, 0.033539
u1565, 0.033612
u336, 0.033912
u1474, 0.033945
u1984, 0.033960
u2072, 0.033991
u1041, 0.034037
u1648, 0.034054
u933, 0.034220
u1531, 0.034229
u1519, 0.034280
u533, 0.034356
u468, 0.034389
u1120, 0.034470
u1126, 0.034492
u565, 0.034645
u1537, 0.034668
u1228, 0.034711
u1704, 0.034715
u1113, 0.034750
u482, 0.034835
u2529, 0.034857
u7541, 0.034875
u1355, 0.034956
u1112, 0.035072
u2224, 0.035088
u7592, 0.035201
u451, 0.035214
u2233, 0.035304
u1328, 0.035311
u7436, 0.035381
u852, 0.035433
u1850, 0.035462
u1469, 0.035629
u1680, 0.035661
u479, 0.035664
u2212, 0.035672
u808, 0.035712
u163, 0.035880
u4017, 0.035972
u361, 0.035991
u2674, 0.036042
u905, 0.036066
u655, 0.036175
u2979, 0.036178
u503, 0.036296
u2445, 0.036318
u1555, 0.036319
u1018, 0.036422
u7406, 0.036530
u1514, 0.036601
u338, 0.036638
u566, 0.036716
u3357, 0.036727
u499, 0.036871
u2335, 0.036931
u1960, 0.036957
u595, 0.036999
u261, 0.037010
u295, 0.037042
u2218, 0.037050
u751, 0.037167
u2231, 0.037224
u1486, 0.037355
u1497, 0.037407
u539, 0.037489
u294, 0.037538
u548, 0.037552
u7402, 0.037620
u1838, 0.037621
u1186, 0.037670
u1367, 0.037700
u1533, 0.037745
u4311, 0.037820
u1468, 0.037872
u743, 0.037962
u1303, 0.038022
u893, 0.038113
u1807, 0.038226
u1795, 0.038265
u811, 0.038363
u7391, 0.038401
u690, 0.038455
u346, 0.038497
u1693, 0.038529
u719, 0.038588
u1298, 0.038593
u2299, 0.038737
u7397, 0.038810
u2179, 0.038811
u1915, 0.038844
u7482, 0.038889
u1125, 0.038899
u164, 0.038904
u399, 0.038909
u2167, 0.038986
u3041, 0.039009
u1965, 0.039038
u1902, 0.039059
u2579, 0.039067
u1500, 0.039081
u1348, 0.039156
u1273, 0.039191
u1718, 0.039542
u1024, 0.039553
u1102, 0.039658
u391, 0.039726
u88, 0.039922
u3162, 0.039958
u618, 0.039979
u1377, 0.040007
u7587, 0.040012
u1799, 0.040061
u871, 0.040413
u94, 0.040457
u947, 0.040518
u1471, 0.040525
u638, 0.040537
u925, 0.040599
u3269, 0.040645
u950, 0.040682
u228, 0.040737
u532, 0.040766
u884, 0.040766
u550, 0.040769
u1123, 0.040883
u1170, 0.041127
u1615, 0.041171
u1175, 0.041172
u1017, 0.041292
u1806, 0.041298
u517, 0.041358
u2013, 0.041388
u7527, 0.041480
u770, 0.041498
u855, 0.041533
u3379, 0.041739
u7591, 0.041812
u1021, 0.041815
u721, 0.041869
u3188, 0.042078
u1592, 0.042097
u7410, 0.042410
u887, 0.042439
u639, 0.042492
u3327, 0.042555
u270, 0.042710
u1558, 0.042963
u1671, 0.043022
u205, 0.043367
u1635, 0.043403
u1641, 0.043440
u2110, 0.043546
u2573, 0.043566
u1382, 0.043583
u381, 0.043660
u577, 0.043725
u1020, 0.043736
u1182, 0.043791
u1431, 0.043811
u318, 0.043965
u1134, 0.044237
u322, 0.044348
u2095, 0.044355
u1711, 0.044419
u547, 0.044459
u1253, 0.044685
u878, 0.044802
u7412, 0.044823
u902, 0.044990
u2475, 0.045030
u1612, 0.045081
u1856, 0.045117
u1352, 0.045175
u510, 0.045296
u757, 0.045341
u774, 0.045486
u1712, 0.045735
u203, 0.045736
u1526, 0.045778
u569, 0.045831
u1440, 0.045870
u1332, 0.045941
u687, 0.046013
u7420, 0.046019
u1281, 0.046149
u749, 0.046267
u520, 0.046449
u2506, 0.046449
u750, 0.046757
u1243, 0.046878
u1630, 0.046899
u193, 0.047127
u2048, 0.047178
u952, 0.047189
u1886, 0.047201
u376, 0.047231
u773, 0.047242
u2382, 0.047386
u1014, 0.047462
u3206, 0.047560
u677, 0.047606
u1726, 0.047670
u2615, 0.047679
u201, 0.047735
u584, 0.047796
u6369, 0.047884
u1458, 0.047889
u555, 0.047960
u2177, 0.048110
u972, 0.048177
u7588, 0.048187
u1164, 0.048232
u850, 0.048292
u1188, 0.048425
u1259, 0.048547
u2293, 0.048570
u694, 0.048589
u587, 0.048698
u781, 0.048897
u714, 0.048912
u405, 0.049016
u1199, 0.049048
u1673, 0.049059
u2360, 0.049094
u1038, 0.049149
u2370, 0.049194
u1315, 0.049196
u1082, 0.049324
u1509, 0.049342
u289, 0.049361
u1103, 0.049506
u545, 0.049703
u1450, 0.049938
u1889, 0.050130
u380, 0.050206
u263, 0.050277
u464, 0.050341
u674, 0.050574
u604, 0.050584
u1383, 0.050642
u1545, 0.050675
u771, 0.050924
u1745, 0.051032
u741, 0.051067
u787, 0.051114
u643, 0.051123
u492, 0.051148
u1625, 0.051248
u2356, 0.051249
u2230, 0.051302
u7198, 0.051364
u809, 0.051439
u934, 0.051456
u7514, 0.051477
u619, 0.051486
u1694, 0.051645
u822, 0.051654
u1067, 0.051661
u1275, 0.051697
u1361, 0.051803
u446, 0.052473
u1511, 0.052534
u2193, 0.052730
u964, 0.052767
u1446, 0.053080
u7386, 0.053272
u1122, 0.053353
u667, 0.053353
u1921, 0.053440
u251, 0.053462
u7374, 0.053488
u3428, 0.053511
u826, 0.053536
u7589, 0.053598
u486, 0.053928
u1294, 0.053977
u654, 0.054008
u123, 0.054144
u956, 0.054217
u1661, 0.055000
u2298, 0.055165
u734, 0.055194
u1607, 0.055281
u387, 0.055300
u412, 0.055360
u621, 0.055420
u1878, 0.055653
u382, 0.055668
u1669, 0.055774
u7375, 0.055976
u2082, 0.055988
u335, 0.056111
u2204, 0.056138
u1741, 0.056189
u276, 0.056240
u927, 0.056326
u1050, 0.056377
u890, 0.056382
u187, 0.056391
u1513, 0.056416
u1696, 0.056657
u946, 0.056706
u190, 0.057002
u383, 0.057113
u1871, 0.057130
u2421, 0.057466
u1270, 0.057548
u7417, 0.057552
u1224, 0.057620
u2068, 0.057686
u1798, 0.057977
u543, 0.058107
u868, 0.058152
u1071, 0.058159
u7570, 0.058212
u516, 0.058232
u1484, 0.058278
u315, 0.058280
u2045, 0.058359
u2393, 0.058376
u297, 0.058453
u494, 0.058471
u576, 0.058694
u232, 0.058730
u75, 0.058749
u1421, 0.058928
u191, 0.059144
u1746, 0.059221
u806, 0.059419
u994, 0.059441
u1196, 0.059634
u1161, 0.059680
u1674, 0.059693
u875, 0.059745
u739, 0.059745
u821, 0.059840
u814, 0.060290
u629, 0.060340
u1530, 0.060461
u385, 0.060663
u2244, 0.060790
u2696, 0.061456
u138, 0.061613
u600, 0.061665
u1338, 0.061890
u225, 0.061917
u2286, 0.062010
u664, 0.062161
u1653, 0.062298
u1705, 0.062462
u1831, 0.062500
u7507, 0.062649
u35, 0.062717
u554, 0.062789
u1174, 0.062809
u1004, 0.062954
u648, 0.063084
u1508, 0.063154
u245, 0.063184
u2074, 0.063211
u854, 0.063268
u913, 0.063357
u996, 0.063484
u1151, 0.063535
u885, 0.063598
u6014, 0.063856
u1457, 0.064061
u1314, 0.064069
u637, 0.064295
u1313, 0.064354
u982, 0.064375
u2357, 0.064428
u326, 0.064618
u614, 0.064638
u352, 0.064757
u1477, 0.064833
u636, 0.064835
u7582, 0.064933
u7560, 0.065052
u7327, 0.065326
u1978, 0.065342
u693, 0.065777
u430, 0.065837
u570, 0.065987
u1931, 0.066178
u1158, 0.066498
u700, 0.066667
u1930, 0.066876
u3299, 0.066986
u523, 0.067159
u601, 0.067176
u367, 0.067182
u1040, 0.067522
u1472, 0.067531
u1009, 0.068133
u938, 0.068302
u501, 0.068704
u208, 0.068777
u462, 0.068936
u1095, 0.068982
u954, 0.069110
u957, 0.069359
u1432, 0.069558
u1556, 0.069854
u1516, 0.069910
u1956, 0.070090
u759, 0.070853
u7511, 0.071615
u649, 0.071655
u7390, 0.071711
u707, 0.071823
u7562, 0.071933
u431, 0.072112
u266, 0.072160
u7498, 0.072246
u1308, 0.072425
u390, 0.072499
u1141, 0.072799
u274, 0.072809
u1256, 0.072864
u125, 0.072887
u1072, 0.072887
u388, 0.072927
u622, 0.072945
u1247, 0.072976
u786, 0.073048
u864, 0.073062
u1074, 0.073301
u304, 0.073306
u867, 0.073311
u1368, 0.073429
u583, 0.073456
u1658, 0.074068
u473, 0.074152
u1703, 0.074333
u351, 0.074853
u230, 0.074878
u803, 0.074979
u237, 0.075256
u918, 0.075289
u319, 0.075385
u1222, 0.075625
u7520, 0.075730
u1464, 0.076049
u551, 0.076137
u333, 0.076487
u279, 0.076542
u1740, 0.076643
u571, 0.077042
u613, 0.077047
u417, 0.077058
u1047, 0.077453
u250, 0.077462
u1347, 0.077668
u459, 0.077713
u209, 0.077967
u775, 0.078181
u661, 0.078233
u519, 0.078354
u445, 0.078377
u172, 0.078579
u5389, 0.078616
u559, 0.078624
u141, 0.078880
u413, 0.078919
u1109, 0.079094
u1249, 0.079173
u669, 0.079450
u966, 0.079505
u911, 0.079520
u329, 0.079526
u646, 0.079719
u1811, 0.079843
u915, 0.080187
u2090, 0.080293
u1435, 0.080606
u439, 0.080846
u580, 0.080927
u456, 0.081117
u234, 0.081169
u828, 0.081343
u167, 0.081371
u207, 0.081474
u428, 0.081851
u305, 0.081935
u688, 0.082314
u422, 0.082384
u7394, 0.082422
u403, 0.082444
u542, 0.082821
u844, 0.083284
u200, 0.083648
u1181, 0.083659
u1448, 0.083786
u278, 0.084235
u504, 0.084579
u1189, 0.084706
u1142, 0.084744
u366, 0.084750
u1129, 0.085043
u508, 0.085455
u1349, 0.085731
u1326, 0.085783
u1251, 0.086507
u1016, 0.086882
u912, 0.087116
u990, 0.087575
u157, 0.087589
u103, 0.087601
u778, 0.087680
u3035, 0.088029
u93, 0.088192
u971, 0.088502
u7337, 0.088535
u470, 0.088637
u1879, 0.088871
u402, 0.088996
u705, 0.089011
u158, 0.089066
u515, 0.089257
u552, 0.089267
u328, 0.089407
u556, 0.090062
u291, 0.090433
u332, 0.090712
u313, 0.090780
u940, 0.091627
u126, 0.091648
u1241, 0.091837
u511, 0.092042
u573, 0.092060
u7444, 0.092430
u812, 0.092453
u488, 0.092494
u249, 0.092511
u1549, 0.092551
u727, 0.092648
u958, 0.092703
u354, 0.093076
u325, 0.093357
u184, 0.093487
u678, 0.093627
u817, 0.093642
u495, 0.093656
u1012, 0.093878
u540, 0.094528
u1456, 0.094859
u644, 0.094926
u1013, 0.095179
u522, 0.095416
u1066, 0.095511
u185, 0.095772
u339, 0.095879
u421, 0.096117
u454, 0.096301
u1232, 0.096688
u260, 0.096707
u594, 0.096713
u442, 0.096828
u493, 0.097034
u425, 0.098358
u1596, 0.098637
u434, 0.098770
u598, 0.098992
u135, 0.099187
u1115, 0.099337
u83, 0.099558
u223, 0.100481
u2111, 0.100617
u1104, 0.100784
u241, 0.101100
u3133, 0.101148
u609, 0.101169
u856, 0.101286
u136, 0.101627
u287, 0.102312
u662, 0.102686
u1380, 0.102878
u630, 0.102956
u863, 0.103289
u1433, 0.103537
u496, 0.103855
u152, 0.104031
u712, 0.104433
u131, 0.104719
u7561, 0.104815
u214, 0.104863
u244, 0.105073
u1701, 0.105723
u740, 0.106748
u1053, 0.107380
u429, 0.107641
u427, 0.107866
u730, 0.108261
u397, 0.108741
u1194, 0.109348
u1462, 0.109705
u1261, 0.109746
u377, 0.110009
u1518, 0.110175
u753, 0.110185
u262, 0.110276
u1052, 0.110437
u288, 0.110868
u815, 0.111066
u393, 0.111244
u478, 0.111250
u586, 0.111301
u663, 0.111326
u419, 0.111427
u418, 0.112778
u316, 0.112822
u756, 0.113607
u264, 0.113747
u859, 0.113936
u112, 0.114732
u400, 0.114733
u656, 0.115049
u1883, 0.115446
u1568, 0.115450
u1869, 0.116026
u1638, 0.116296
u612, 0.116297
u518, 0.116358
u180, 0.116395
u472, 0.116747
u761, 0.116825
u651, 0.117495
u524, 0.117664
u762, 0.119337
u253, 0.119628
u7413, 0.119678
u363, 0.119818
u267, 0.119888
u188, 0.120317
u369, 0.120345
u105, 0.121303
u265, 0.121599
u211, 0.121826
u578, 0.122012
u375, 0.122051
u1257, 0.122109
u229, 0.122695
u866, 0.123166
u31, 0.123166
u311, 0.123209
u633, 0.124029
u1250, 0.124557
u754, 0.125833
u231, 0.126173
u608, 0.126366
u235, 0.127796
u217, 0.127850
u257, 0.127990
u444, 0.128104
u327, 0.128511
u98, 0.128562
u171, 0.128870
u491, 0.128959
u182, 0.129070
u192, 0.129271
u460, 0.129467
u628, 0.129476
u349, 0.129709
u342, 0.130172
u463, 0.131009
u248, 0.131044
u513, 0.131644
u605, 0.131866
u616, 0.132866
u356, 0.132951
u142, 0.133551
u747, 0.134110
u341, 0.134508
u162, 0.135066
u82, 0.135524
u62, 0.136937
u870, 0.137431
u368, 0.137453
u27, 0.137552
u7552, 0.137586
u373, 0.137624
u7380, 0.137820
u87, 0.137833
u447, 0.138033
u5, 0.139317
u440, 0.139600
u77, 0.139888
u979, 0.140381
u282, 0.140477
u423, 0.140565
u1235, 0.141588
u120, 0.141944
u110, 0.141963
u642, 0.142498
u161, 0.143119
u717, 0.143318
u189, 0.143653
u426, 0.144239
u330, 0.144600
u137, 0.144848
u415, 0.145142
u285, 0.146005
u47, 0.146182
u1868, 0.147600
u534, 0.148222
u323, 0.149072
u343, 0.149078
u457, 0.149209
u107, 0.149629
u309, 0.152261
u443, 0.152406
u216, 0.152517
u195, 0.152985
u645, 0.153063
u96, 0.153397
u307, 0.153871
u729, 0.154899
u514, 0.156166
u404, 0.157757
u227, 0.157768
u109, 0.157860
u477, 0.158846
u7595, 0.159295
u100, 0.159473
u1026, 0.160983
u435, 0.162905
u358, 0.162965
u7553, 0.164085
u665, 0.164502
u220, 0.165048
u149, 0.165335
u432, 0.165366
u410, 0.165911
u3774, 0.166351
u72, 0.166458
u160, 0.167317
u448, 0.167500
u256, 0.168478
u302, 0.169462
u334, 0.169568
u7416, 0.169879
u101, 0.170057
u132, 0.170868
u221, 0.171400
u314, 0.172130
u372, 0.173005
u657, 0.173981
u206, 0.174038
u597, 0.175102
u153, 0.175940
u166, 0.176444
u215, 0.176752
u58, 0.176758
u716, 0.176840
u66, 0.176907
u76, 0.177241
u465, 0.177989
u476, 0.178786
u603, 0.179035
u111, 0.179456
u525, 0.179763
u673, 0.180080
u65, 0.180450
u475, 0.180929
u1691, 0.181170
u611, 0.181883
u194, 0.183285
u364, 0.183331
u63, 0.185278
u575, 0.185568
u7373, 0.186012
u792, 0.186391
u676, 0.186792
u441, 0.187507
u553, 0.187989
u409, 0.190295
u273, 0.190926
u620, 0.191956
u21, 0.191994
u59, 0.192422
u39, 0.194537
u344, 0.195068
u179, 0.195233
u1388, 0.197526
u541, 0.197581
u226, 0.197757
u51, 0.198231
u19, 0.198894
u56, 0.199542
u117, 0.203200
u275, 0.206769
u271, 0.208168
u128, 0.208994
u324, 0.209355
u64, 0.209501
u134, 0.210306
u168, 0.210832
u78, 0.211246
u301, 0.211618
u97, 0.212772
u11, 0.213471
u374, 0.213616
u170, 0.213663
u169, 0.214423
u121, 0.217747
u283, 0.218802
u108, 0.219523
u536, 0.222188
u89, 0.222642
u17, 0.223249
u181, 0.224442
u119, 0.224452
u91, 0.225736
u50, 0.226139
u84, 0.226412
u139, 0.226682
u54, 0.227130
u224, 0.233051
u55, 0.240409
u147, 0.240414
u183, 0.240626
u25, 0.242162
u252, 0.248362
u80, 0.248784
u243, 0.252478
u15, 0.252672
u340, 0.254491
u86, 0.257246
u213, 0.260119
u150, 0.261501
u239, 0.262126
u359, 0.264074
u10, 0.264774
u176, 0.265614
u37, 0.268087
u71, 0.269296
u178, 0.272415
u159, 0.275887
u218, 0.276443
u22, 0.278052
u144, 0.278498
u114, 0.291280
u102, 0.294045
u798, 0.300479
u151, 0.303098
u16, 0.333046
u6, 0.343243
u61, 0.430314
u46, 0.445475
